source_index,plant_id,input_x,input_y,input_z,gt_highest_cm,gt_canopy_cm,soil_height,roi_mode,envelope_x_min,envelope_x_max,envelope_y_min,envelope_y_max,search_roi_x_min,search_roi_x_max,search_roi_y_min,search_roi_y_max,status,note,segmentation_mode,selected_top_method,top_strategy_mae_cm,n_strip_points,n_roi_points,n_green_points,n_shadow_green_added,n_shadow_green_added_raw,n_adaptive_green_points,n_strict_seed_points,n_body_seed_points,n_grown_points,n_ambiguous_rejected,n_detached_rejected,adaptive_green_thresholds,n_component_points,n_components_kept,component_mode,n_surface_points,n_canopy_points,n_soil_points,ground_method,search_start_z,search_start_z_cm,search_end_z,search_end_z_cm,canopy_center_x,canopy_center_y,eval_x,eval_y,top_z_p99,top_z_p99_cm,top_z_p99_5,top_z_p99_5_cm,top_z_p99_9,top_z_p99_9_cm,top_z_topk_median,top_z_topk_median_cm,canopy_top_z,top_z,top_z_cm,ground_z,ground_z_cm,height_m,pred_height_cm,error_cm,abs_error_cm,plane_rms
1,1.1.1,0.0833333333333333,0.19,,9.8,8.2,,plant_envelope,-0.016666666666666705,0.16166666666666665,-0.03,0.41000000000000003,-0.05666666666666671,0.20166666666666666,-0.03,0.41000000000000003,ok,fixed_ground_z,adaptive_soft_growth,topk_median,"{""topk_median"": 0.7896536626313858}",9538,9538,1237,0,0,1237,1131,736,1079,15,15,"{""g_min"": 0.11684039980173111, ""g_ratio_min"": 0.3279797434806824, ""nexg_min"": 0.053939174860715866, ""saturation_min"": 0.08797985315322876, ""source"": ""seed_calibrated"", ""strict_seed_count"": 1131.0}",1079,1,adaptive_soft_growth_voxels=125,63,988,3124,fixed_ground_z,0.47000000000000003,47.0,0.76,76.0,0.10147523880004883,0.21216000616550446,0.0833333333333333,0.19,0.5627976655960083,56.27976655960083,0.5634725093841553,56.34725093841553,0.5640124082565308,56.401240825653076,0.5603206157684326,56.03206157684326,0.5603206157684326,0.5603206157684326,56.03206157684326,0.46,46.0,0.1003206157684326,10.03206157684326,0.23206157684325923,0.23206157684325923,
2,1.1.2,0.25,0.19,,13.0,11.6,,plant_envelope,0.17166666666666666,0.3283333333333335,-0.03,0.41000000000000003,0.14033333333333325,0.35966666666666686,-0.03,0.41000000000000003,ok,fixed_ground_z,adaptive_soft_growth,topk_median,"{""topk_median"": 0.7896536626313858}",10023,10023,2510,0,0,2510,2257,1656,2182,177,24,"{""g_min"": 0.13342513144016266, ""g_ratio_min"": 0.33090940117836, ""nexg_min"": 0.06272822618484497, ""saturation_min"": 0.09843817353248596, ""source"": ""seed_calibrated"", ""strict_seed_count"": 2257.0}",2182,1,adaptive_soft_growth_voxels=183,112,1987,5126,fixed_ground_z,0.47000000000000003,47.0,0.76,76.0,0.27501994371414185,0.21255913376808167,0.25,0.19,0.5855757594108582,58.557575941085815,0.5856394171714783,58.56394171714783,0.5856913328170776,58.569133281707764,0.5843958854675293,58.43958854675293,0.5843958854675293,0.5843958854675293,58.43958854675293,0.46,46.0,0.12439588546752928,12.439588546752928,-0.5604114532470721,0.5604114532470721,
3,1.1.3,0.416666666666667,0.19,,14.0,13.3,,plant_envelope,0.3383333333333335,0.5158333333333335,-0.03,0.41000000000000003,0.2986666666666669,0.5555000000000001,-0.03,0.41000000000000003,ok,fixed_ground_z,adaptive_soft_growth,topk_median,"{""topk_median"": 0.7896536626313858}",15353,15353,3834,0,0,3834,3289,2143,2875,172,21,"{""g_min"": 0.15292617678642273, ""g_ratio_min"": 0.32755282521247864, ""nexg_min"": 0.05265844240784645, ""saturation_min"": 0.08903288096189499, ""source"": ""seed_calibrated"", ""strict_seed_count"": 3289.0}",2875,1,adaptive_soft_growth_voxels=274,161,2695,8608,fixed_ground_z,0.47000000000000003,47.0,0.76,76.0,0.4176180362701416,0.17859415709972382,0.416666666666667,0.19,0.5936408638954163,59.364086389541626,0.593932569026947,59.3932569026947,0.5942407250404358,59.42407250404358,0.5917539000511169,59.175390005111694,0.5917539000511169,0.5917539000511169,59.175390005111694,0.46,46.0,0.13175390005111692,13.175390005111693,-0.8246099948883074,0.8246099948883074,
4,1.2.1,0.625,0.19,,13.2,12.4,,plant_envelope,0.5258333333333335,0.745,-0.03,0.41000000000000003,0.4778333333333335,0.793,-0.03,0.41000000000000003,ok,fixed_ground_z,adaptive_soft_growth,topk_median,"{""topk_median"": 0.7896536626313858}",19101,19101,2653,0,0,2653,2677,1620,2324,62,0,"{""g_min"": 0.14039061963558197, ""g_ratio_min"": 0.3266639709472656, ""nexg_min"": 0.049991827458143234, ""saturation_min"": 0.08327563852071762, ""source"": ""seed_calibrated"", ""strict_seed_count"": 2677.0}",2324,1,adaptive_soft_growth_voxels=198,111,2175,12213,fixed_ground_z,0.47000000000000003,47.0,0.76,76.0,0.6671439409255981,0.2441483587026596,0.625,0.19,0.6003925204277039,60.039252042770386,0.6005947589874268,60.059475898742676,0.6007120013237,60.071200132369995,0.5986584424972534,59.86584424972534,0.5986584424972534,0.5986584424972534,59.86584424972534,0.46,46.0,0.1386584424972534,13.86584424972534,0.6658442497253407,0.6658442497253407,
5,1.2.2,0.875,0.19,,10.5,9.8,,plant_envelope,0.755,0.974166666666665,-0.03,0.41000000000000003,0.707,1.022166666666665,-0.03,0.41000000000000003,ok,fixed_ground_z,adaptive_soft_growth,topk_median,"{""topk_median"": 0.7896536626313858}",19415,19415,2520,0,0,2520,2741,1485,1672,0,0,"{""g_min"": 0.15521183609962463, ""g_ratio_min"": 0.3254777193069458, ""nexg_min"": 0.04643307998776436, ""saturation_min"": 0.07869242876768112, ""source"": ""seed_calibrated"", ""strict_seed_count"": 2741.0}",1672,1,adaptive_soft_growth_voxels=176,113,1597,10503,fixed_ground_z,0.47000000000000003,47.0,0.76,76.0,0.8435077667236328,0.1880268007516861,0.875,0.19,0.5764794945716858,57.64794945716858,0.5770778656005859,57.707786560058594,0.5774911642074585,57.74911642074585,0.5747390985488892,57.473909854888916,0.5747390985488892,0.5747390985488892,57.473909854888916,0.46,46.0,0.11473909854888914,11.473909854888914,0.9739098548889142,0.9739098548889142,
6,1.3.1,1.08333333333333,0.19,,17.0,16.0,,plant_envelope,0.984166666666665,1.161666666666665,-0.03,0.41000000000000003,0.944499999999999,1.2013333333333311,-0.03,0.41000000000000003,ok,fixed_ground_z,adaptive_soft_growth,topk_median,"{""topk_median"": 0.7896536626313858}",13082,13082,2457,0,0,2457,2512,1920,2231,70,0,"{""g_min"": 0.15823033452033997, ""g_ratio_min"": 0.32638126611709595, ""nexg_min"": 0.04914379492402077, ""saturation_min"": 0.07920996099710464, ""source"": ""seed_calibrated"", ""strict_seed_count"": 2512.0}",2231,1,adaptive_soft_growth_voxels=163,129,2096,8392,fixed_ground_z,0.47000000000000003,47.0,0.76,76.0,1.1010276079177856,0.2038464993238449,1.08333333333333,0.19,0.619838535785675,61.983853578567505,0.6220783591270447,62.20783591270447,0.6252623796463013,62.52623796463013,0.6189976930618286,61.89976930618286,0.6189976930618286,0.6189976930618286,61.89976930618286,0.46,46.0,0.1589976930618286,15.89976930618286,-1.1002306938171404,1.1002306938171404,
7,1.3.2,1.25,0.19,,11.4,10.3,,plant_envelope,1.1716666666666649,1.3283333333333351,-0.03,0.41000000000000003,1.1403333333333308,1.3596666666666692,-0.03,0.41000000000000003,ok,fixed_ground_z,adaptive_soft_growth,topk_median,"{""topk_median"": 0.7896536626313858}",10260,10260,2060,0,0,2060,2231,1341,1488,0,0,"{""g_min"": 0.13387618958950043, ""g_ratio_min"": 0.32830098271369934, ""nexg_min"": 0.05490298941731453, ""saturation_min"": 0.08592336624860764, ""source"": ""seed_calibrated"", ""strict_seed_count"": 2231.0}",1488,1,adaptive_soft_growth_voxels=178,109,1370,6467,fixed_ground_z,0.47000000000000003,47.0,0.76,76.0,1.273939847946167,0.211688831448555,1.25,0.19,0.5642926096916199,56.42926096916199,0.56468266248703,56.468266248703,0.5650250911712646,56.502509117126465,0.5631101131439209,56.31101131439209,0.5631101131439209,0.5631101131439209,56.31101131439209,0.46,46.0,0.10311011314392088,10.311011314392088,-1.0889886856079123,1.0889886856079123,
8,1.3.3,1.41666666666667,0.19,,7.9,6.7,,plant_envelope,1.338333333333335,1.5158333333333351,-0.03,0.41000000000000003,1.2986666666666689,1.5555000000000012,-0.03,0.41000000000000003,ok,fixed_ground_z,adaptive_soft_growth,topk_median,"{""topk_median"": 0.7896536626313858}",10410,10410,1656,0,0,1656,1706,984,1308,0,0,"{""g_min"": 0.10459239780902863, ""g_ratio_min"": 0.3280080258846283, ""nexg_min"": 0.05402403697371483, ""saturation_min"": 0.0846790075302124, ""source"": ""seed_calibrated"", ""strict_seed_count"": 1706.0}",1308,1,adaptive_soft_growth_voxels=149,94,1242,4375,fixed_ground_z,0.47000000000000003,47.0,0.76,76.0,1.3782848119735718,0.1814929097890854,1.41666666666667,0.19,0.5369734764099121,53.69734764099121,0.5377489328384399,53.774893283843994,0.5383692979812622,53.83692979812622,0.533263087272644,53.326308727264404,0.533263087272644,0.533263087272644,53.326308727264404,0.46,46.0,0.07326308727264402,7.3263087272644025,-0.5736912727355978,0.5736912727355978,
9,2.1.1,1.625,0.19,,13.5,12.6,,plant_envelope,1.525833333333335,1.745,-0.03,0.41000000000000003,1.4778333333333349,1.7930000000000001,-0.03,0.41000000000000003,ok,fixed_ground_z,adaptive_soft_growth,topk_median,"{""topk_median"": 0.7896536626313858}",16790,16790,4251,0,0,4251,3609,1799,3236,70,17,"{""g_min"": 0.09882332384586334, ""g_ratio_min"": 0.3321518898010254, ""nexg_min"": 0.06645563244819641, ""saturation_min"": 0.09629513323307037, ""source"": ""seed_calibrated"", ""strict_seed_count"": 3609.0}",3236,1,adaptive_soft_growth_voxels=320,180,3017,5558,fixed_ground_z,0.47000000000000003,47.0,0.76,76.0,1.6480040550231934,0.17196747660636902,1.625,0.19,0.6117287874221802,61.17287874221802,0.6127486228942871,61.27486228942871,0.6150921583175659,61.50921583175659,0.6055318713188171,60.553187131881714,0.6055318713188171,0.6055318713188171,60.553187131881714,0.46,46.0,0.14553187131881712,14.553187131881712,1.053187131881712,1.053187131881712,
10,2.1.2,1.875,0.19,,12.2,11.5,,plant_envelope,1.755,1.974166666666665,-0.03,0.41000000000000003,1.7069999999999999,2.0221666666666653,-0.03,0.41000000000000003,ok,fixed_ground_z,adaptive_soft_growth,topk_median,"{""topk_median"": 0.7896536626313858}",17240,17240,4502,0,0,4502,4556,2110,3257,44,0,"{""g_min"": 0.13371840119361877, ""g_ratio_min"": 0.3270561397075653, ""nexg_min"": 0.051168400794267654, ""saturation_min"": 0.08428949117660522, ""source"": ""seed_calibrated"", ""strict_seed_count"": 4556.0}",3257,1,adaptive_soft_growth_voxels=322,188,3090,8928,fixed_ground_z,0.47000000000000003,47.0,0.76,76.0,1.828548789024353,0.18579429388046265,1.875,0.19,0.5858441591262817,58.584415912628174,0.587347686290741,58.7347686290741,0.5878943800926208,58.789438009262085,0.5837713479995728,58.377134799957275,0.5837713479995728,0.5837713479995728,58.377134799957275,0.46,46.0,0.12377134799957273,12.377134799957274,0.17713479995727432,0.17713479995727432,
11,2.2.1,2.08333333333333,0.19,,11.1,10.5,,plant_envelope,1.9841666666666649,2.1616666666666653,-0.03,0.41000000000000003,1.9444999999999988,2.201333333333331,-0.03,0.41000000000000003,ok,fixed_ground_z,adaptive_soft_growth,topk_median,"{""topk_median"": 0.7896536626313858}",13403,13403,2597,0,0,2597,2622,1783,2291,206,31,"{""g_min"": 0.14222349226474762, ""g_ratio_min"": 0.32494276762008667, ""nexg_min"": 0.044828299432992935, ""saturation_min"": 0.0762425884604454, ""source"": ""seed_calibrated"", ""strict_seed_count"": 2622.0}",2291,1,adaptive_soft_growth_voxels=194,148,2177,8306,fixed_ground_z,0.47000000000000003,47.0,0.76,76.0,2.058039426803589,0.19433876872062683,2.08333333333333,0.19,0.573835015296936,57.3835015296936,0.5758599638938904,57.58599638938904,0.5772247314453125,57.72247314453125,0.5718353986740112,57.18353986740112,0.5718353986740112,0.5718353986740112,57.18353986740112,0.46,46.0,0.11183539867401121,11.183539867401121,0.08353986740112163,0.08353986740112163,
12,2.2.2,2.25,0.19,,12.5,11.8,,plant_envelope,2.171666666666665,2.328333333333335,-0.03,0.41000000000000003,2.140333333333331,2.359666666666669,-0.03,0.41000000000000003,ok,fixed_ground_z,adaptive_soft_growth,topk_median,"{""topk_median"": 0.7896536626313858}",16935,16935,2888,0,0,2888,2703,1763,2269,362,22,"{""g_min"": 0.12454181164503098, ""g_ratio_min"": 0.32527366280555725, ""nexg_min"": 0.045820992439985275, ""saturation_min"": 0.07634728401899338, ""source"": ""seed_calibrated"", ""strict_seed_count"": 2703.0}",2269,1,adaptive_soft_growth_voxels=240,92,1947,7837,fixed_ground_z,0.47000000000000003,47.0,0.76,76.0,2.235039472579956,0.17243197560310364,2.25,0.19,0.59508216381073,59.508216381073,0.5963265895843506,59.63265895843506,0.5973221659660339,59.732216596603394,0.5921964049339294,59.219640493392944,0.5921964049339294,0.5921964049339294,59.219640493392944,0.46,46.0,0.13219640493392942,13.219640493392943,0.7196404933929426,0.7196404933929426,
13,2.2.3,2.41666666666667,0.19,,12.6,11.6,,plant_envelope,2.3383333333333347,2.515833333333335,-0.03,0.41000000000000003,2.298666666666669,2.5555000000000008,-0.03,0.41000000000000003,ok,fixed_ground_z,adaptive_soft_growth,topk_median,"{""topk_median"": 0.7896536626313858}",14531,14531,2473,0,0,2473,2683,1844,2100,265,0,"{""g_min"": 0.14688371121883392, ""g_ratio_min"": 0.3246532380580902, ""nexg_min"": 0.043959688395261765, ""saturation_min"": 0.07323083281517029, ""source"": ""seed_calibrated"", ""strict_seed_count"": 2683.0}",2100,1,adaptive_soft_growth_voxels=197,131,1861,8031,fixed_ground_z,0.47000000000000003,47.0,0.76,76.0,2.4099032878875732,0.20408302545547485,2.41666666666667,0.19,0.5763363838195801,57.63363838195801,0.5769819021224976,57.698190212249756,0.5777122974395752,57.77122974395752,0.5734161138534546,57.34161138534546,0.5734161138534546,0.5734161138534546,57.34161138534546,0.46,46.0,0.11341611385345457,11.341611385345457,-1.2583886146545424,1.2583886146545424,
14,2.3.1,2.625,0.19,,12.0,10.4,,plant_envelope,2.5258333333333347,2.745,-0.03,0.41000000000000003,2.4778333333333347,2.793,-0.03,0.41000000000000003,ok,fixed_ground_z,adaptive_soft_growth,topk_median,"{""topk_median"": 0.7896536626313858}",15289,15289,3635,0,0,3635,3755,1914,2179,17,17,"{""g_min"": 0.12811051309108734, ""g_ratio_min"": 0.32761114835739136, ""nexg_min"": 0.052833426743745804, ""saturation_min"": 0.08158987760543823, ""source"": ""seed_calibrated"", ""strict_seed_count"": 3755.0}",2179,1,adaptive_soft_growth_voxels=269,145,2095,9344,fixed_ground_z,0.47000000000000003,47.0,0.76,76.0,2.6205596923828125,0.21195486187934875,2.625,0.19,0.5882642269134521,58.826422691345215,0.5886645913124084,58.866459131240845,0.5888500213623047,58.88500213623047,0.5863783359527588,58.63783359527588,0.5863783359527588,0.5863783359527588,58.63783359527588,0.46,46.0,0.12637833595275877,12.637833595275877,0.6378335952758771,0.6378335952758771,
15,2.3.2,2.875,0.19,,12.4,11.0,,plant_envelope,2.755,2.9741666666666653,-0.03,0.41000000000000003,2.707,3.0221666666666653,-0.03,0.41000000000000003,ok,fixed_ground_z,adaptive_soft_growth,topk_median,"{""topk_median"": 0.7896536626313858}",11950,11950,3024,0,0,3024,3128,875,1895,149,0,"{""g_min"": 0.1175197884440422, ""g_ratio_min"": 0.3287709951400757, ""nexg_min"": 0.05631298944354057, ""saturation_min"": 0.08443404734134674, ""source"": ""seed_calibrated"", ""strict_seed_count"": 3128.0}",1895,1,adaptive_soft_growth_voxels=248,129,1801,5834,fixed_ground_z,0.47000000000000003,47.0,0.76,76.0,2.8053455352783203,0.20357893407344818,2.875,0.19,0.5871284008026123,58.71284008026123,0.5873815417289734,58.73815417289734,0.5876766443252563,58.767664432525635,0.5848280191421509,58.48280191421509,0.5848280191421509,0.5848280191421509,58.48280191421509,0.46,46.0,0.12482801914215086,12.482801914215086,0.08280191421508576,0.08280191421508576,
16,3.1.1,3.08333333333333,0.19,,11.1,10.0,,plant_envelope,2.984166666666665,3.1616666666666653,-0.03,0.41000000000000003,2.9444999999999992,3.201333333333331,-0.03,0.41000000000000003,ok,fixed_ground_z,adaptive_soft_growth,topk_median,"{""topk_median"": 0.7896536626313858}",11975,11975,2902,0,0,2902,2911,1518,2098,416,10,"{""g_min"": 0.10753217339515686, ""g_ratio_min"": 0.32891619205474854, ""nexg_min"": 0.05674852058291435, ""saturation_min"": 0.0839328020811081, ""source"": ""seed_calibrated"", ""strict_seed_count"": 2911.0}",2098,1,adaptive_soft_growth_voxels=238,133,1892,5038,fixed_ground_z,0.47000000000000003,47.0,0.76,76.0,3.0569634437561035,0.1949848085641861,3.08333333333333,0.19,0.5791889429092407,57.91889429092407,0.5793719291687012,57.93719291687012,0.57964026927948,57.964026927948,0.5787807703018188,57.878077030181885,0.5787807703018188,0.5787807703018188,57.878077030181885,0.46,46.0,0.11878077030181883,11.878077030181883,0.7780770301818833,0.7780770301818833,
17,3.1.2,3.25,0.19,,12.5,10.5,,plant_envelope,3.171666666666665,3.328333333333335,-0.03,0.41000000000000003,3.140333333333331,3.359666666666669,-0.03,0.41000000000000003,ok,fixed_ground_z,adaptive_soft_growth,topk_median,"{""topk_median"": 0.7896536626313858}",11913,11913,4731,0,0,4731,4498,2718,3184,888,12,"{""g_min"": 0.11575272679328918, ""g_ratio_min"": 0.32915088534355164, ""nexg_min"": 0.0574527271091938, ""saturation_min"": 0.08513089269399643, ""source"": ""seed_calibrated"", ""strict_seed_count"": 4498.0}",3184,1,adaptive_soft_growth_voxels=322,169,3003,4664,fixed_ground_z,0.47000000000000003,47.0,0.76,76.0,3.2432143688201904,0.2192998230457306,3.25,0.19,0.5888382196426392,58.883821964263916,0.5890151262283325,58.90151262283325,0.5896093249320984,58.96093249320984,0.5868930816650391,58.689308166503906,0.5868930816650391,0.5868930816650391,58.689308166503906,0.46,46.0,0.12689308166503904,12.689308166503904,0.18930816650390447,0.18930816650390447,
18,3.1.3,3.41666666666667,0.19,,10.6,9.3,,plant_envelope,3.3383333333333347,3.515833333333335,-0.03,0.41000000000000003,3.298666666666669,3.5555000000000008,-0.03,0.41000000000000003,ok,fixed_ground_z,adaptive_soft_growth,topk_median,"{""topk_median"": 0.7896536626313858}",11495,11495,2724,0,0,2724,2852,1554,1986,307,0,"{""g_min"": 0.15170618891716003, ""g_ratio_min"": 0.3229661285877228, ""nexg_min"": 0.03889844939112663, ""saturation_min"": 0.06988878548145294, ""source"": ""seed_calibrated"", ""strict_seed_count"": 2852.0}",1986,1,adaptive_soft_growth_voxels=201,111,1828,5808,fixed_ground_z,0.47000000000000003,47.0,0.76,76.0,3.372657060623169,0.20408493280410767,3.41666666666667,0.19,0.5765393972396851,57.653939723968506,0.5778317451477051,57.78317451477051,0.5790660977363586,57.906609773635864,0.5748010873794556,57.48010873794556,0.5748010873794556,0.5748010873794556,57.48010873794556,0.46,46.0,0.11480108737945555,11.480108737945555,0.8801087379455552,0.8801087379455552,
19,3.2.1,3.625,0.19,,10.5,9.6,,plant_envelope,3.5258333333333347,3.745,-0.03,0.41000000000000003,3.4778333333333347,3.793,-0.03,0.41000000000000003,ok,fixed_ground_z,adaptive_soft_growth,topk_median,"{""topk_median"": 0.7896536626313858}",14528,14528,2885,0,0,2885,2947,1720,2222,44,13,"{""g_min"": 0.15881507098674774, ""g_ratio_min"": 0.3217908442020416, ""nexg_min"": 0.035372499376535416, ""saturation_min"": 0.06644286215305328, ""source"": ""seed_calibrated"", ""strict_seed_count"": 2947.0}",2222,1,adaptive_soft_growth_voxels=221,124,2069,8570,fixed_ground_z,0.47000000000000003,47.0,0.76,76.0,3.6270227432250977,0.2179483324289322,3.625,0.19,0.5719237923622131,57.19237923622131,0.5726659893989563,57.26659893989563,0.5734531283378601,57.34531283378601,0.5704197287559509,57.04197287559509,0.5704197287559509,0.5704197287559509,57.04197287559509,0.46,46.0,0.11041972875595091,11.041972875595091,0.541972875595091,0.541972875595091,
20,3.2.2,3.875,0.19,,10.3,9.7,,plant_envelope,3.755,3.9741666666666653,-0.03,0.41000000000000003,3.707,4.022166666666665,-0.03,0.41000000000000003,ok,fixed_ground_z,adaptive_soft_growth,topk_median,"{""topk_median"": 0.7896536626313858}",18158,18158,2979,0,0,2979,2999,1158,1627,762,513,"{""g_min"": 0.15214920043945312, ""g_ratio_min"": 0.3212142288684845, ""nexg_min"": 0.03364265337586403, ""saturation_min"": 0.06504170596599579, ""source"": ""seed_calibrated"", ""strict_seed_count"": 2999.0}",1627,1,adaptive_soft_growth_voxels=214,102,1557,8297,fixed_ground_z,0.47000000000000003,47.0,0.76,76.0,3.8281664848327637,0.22119638323783875,3.875,0.19,0.5657485723495483,56.574857234954834,0.5666610598564148,56.66610598564148,0.567401647567749,56.7401647567749,0.5635267496109009,56.35267496109009,0.5635267496109009,0.5635267496109009,56.35267496109009,0.46,46.0,0.10352674961090086,10.352674961090086,0.052674961090085404,0.052674961090085404,
21,3.3.1,4.08333333333333,0.19,,14.3,12.2,,plant_envelope,3.984166666666665,4.161666666666665,-0.03,0.41000000000000003,3.944499999999999,4.201333333333332,-0.03,0.41000000000000003,ok,fixed_ground_z,adaptive_soft_growth,topk_median,"{""topk_median"": 0.7896536626313858}",16253,16253,4030,0,0,4030,4026,2106,2709,351,1,"{""g_min"": 0.1331499218940735, ""g_ratio_min"": 0.325806200504303, ""nexg_min"": 0.04741860553622246, ""saturation_min"": 0.07719206809997559, ""source"": ""seed_calibrated"", ""strict_seed_count"": 4026.0}",2709,1,adaptive_soft_growth_voxels=286,170,2528,9105,fixed_ground_z,0.47000000000000003,47.0,0.76,76.0,4.075077056884766,0.21232759952545166,4.08333333333333,0.19,0.5890957713127136,58.90957713127136,0.5893590450286865,58.93590450286865,0.5895758867263794,58.95758867263794,0.586815357208252,58.681535720825195,0.586815357208252,0.586815357208252,58.681535720825195,0.46,46.0,0.12681535720825193,12.681535720825194,-1.6184642791748072,1.6184642791748072,
22,3.3.2,4.25,0.19,,10.6,9.3,,plant_envelope,4.171666666666665,4.328333333333335,-0.03,0.41000000000000003,4.140333333333331,4.359666666666669,-0.03,0.41000000000000003,ok,fixed_ground_z,adaptive_soft_growth,topk_median,"{""topk_median"": 0.7896536626313858}",12882,12882,2433,0,0,2433,2307,855,1120,906,0,"{""g_min"": 0.12149180471897125, ""g_ratio_min"": 0.32496923208236694, ""nexg_min"": 0.04490765556693077, ""saturation_min"": 0.07299905270338058, ""source"": ""seed_calibrated"", ""strict_seed_count"": 2307.0}",1120,1,adaptive_soft_growth_voxels=161,79,1018,8117,fixed_ground_z,0.47000000000000003,47.0,0.76,76.0,4.221230506896973,0.19465787708759308,4.25,0.19,0.5516065359115601,55.160653591156006,0.5526273250579834,55.26273250579834,0.5534439086914062,55.344390869140625,0.5482090711593628,54.82090711593628,0.5482090711593628,0.5482090711593628,54.82090711593628,0.46,46.0,0.08820907115936277,8.820907115936278,-1.7790928840637221,1.7790928840637221,
23,3.3.3,4.41666666666667,0.19,,10.0,9.0,,plant_envelope,4.338333333333335,4.515833333333335,-0.03,0.41000000000000003,4.298666666666668,4.555500000000001,-0.03,0.41000000000000003,ok,fixed_ground_z,adaptive_soft_growth,topk_median,"{""topk_median"": 0.7896536626313858}",11687,11687,1872,0,0,1872,1700,1054,1471,304,3,"{""g_min"": 0.09608735144138336, ""g_ratio_min"": 0.32905274629592896, ""nexg_min"": 0.05715826526284218, ""saturation_min"": 0.08508462458848953, ""source"": ""seed_calibrated"", ""strict_seed_count"": 1700.0}",1471,1,adaptive_soft_growth_voxels=168,109,1383,5571,fixed_ground_z,0.47000000000000003,47.0,0.76,76.0,4.412889003753662,0.19275324046611786,4.41666666666667,0.19,0.5774756669998169,57.74756669998169,0.5776966214179993,57.76966214179993,0.5778345465660095,57.78345465660095,0.5747379064559937,57.473790645599365,0.5747379064559937,0.5747379064559937,57.473790645599365,0.46,46.0,0.11473790645599363,11.473790645599363,1.4737906455993635,1.4737906455993635,
24,4.1.1,4.625,0.19,,15.8,13.5,,plant_envelope,4.525833333333335,4.745,-0.03,0.41000000000000003,4.477833333333335,4.793,-0.03,0.41000000000000003,ok,fixed_ground_z,adaptive_soft_growth,topk_median,"{""topk_median"": 0.7896536626313858}",14972,14972,3511,0,0,3511,3392,1791,2695,78,78,"{""g_min"": 0.10592345893383026, ""g_ratio_min"": 0.32714661955833435, ""nexg_min"": 0.05143982544541359, ""saturation_min"": 0.08092063665390015, ""source"": ""seed_calibrated"", ""strict_seed_count"": 3392.0}",2695,1,adaptive_soft_growth_voxels=335,168,2454,7404,fixed_ground_z,0.47000000000000003,47.0,0.76,76.0,4.625247001647949,0.18228644132614136,4.625,0.19,0.6233217716217041,62.33217716217041,0.6248054504394531,62.48054504394531,0.6292166113853455,62.921661138534546,0.6222604513168335,62.22604513168335,0.6222604513168335,0.6222604513168335,62.22604513168335,0.46,46.0,0.16226045131683348,16.226045131683346,0.42604513168334535,0.42604513168334535,
25,4.1.2,4.875,0.19,,9.5,8.8,,plant_envelope,4.755,4.974166666666665,-0.03,0.41000000000000003,4.707,5.022166666666665,-0.03,0.41000000000000003,ok,fixed_ground_z,adaptive_soft_growth,topk_median,"{""topk_median"": 0.7896536626313858}",16835,16835,4117,0,0,4117,3774,1076,1988,965,661,"{""g_min"": 0.14110234379768372, ""g_ratio_min"": 0.3219470977783203, ""nexg_min"": 0.03584134206175804, ""saturation_min"": 0.06750568747520447, ""source"": ""seed_calibrated"", ""strict_seed_count"": 3774.0}",1988,1,adaptive_soft_growth_voxels=303,134,1869,9102,fixed_ground_z,0.47000000000000003,47.0,0.76,76.0,4.819779872894287,0.18595001101493835,4.875,0.19,0.5599662065505981,55.996620655059814,0.5606163144111633,56.06163144111633,0.5614264011383057,56.142640113830566,0.5579401254653931,55.79401254653931,0.5579401254653931,0.5579401254653931,55.79401254653931,0.46,46.0,0.09794012546539305,9.794012546539305,0.29401254653930486,0.29401254653930486,
26,4.2.1,5.08333333333333,0.19,,12.5,11.5,,plant_envelope,4.984166666666665,5.161666666666665,-0.03,0.41000000000000003,4.944499999999999,5.201333333333332,-0.03,0.41000000000000003,ok,fixed_ground_z,adaptive_soft_growth,topk_median,"{""topk_median"": 0.7896536626313858}",14051,14051,3915,0,0,3915,4097,1864,2392,564,0,"{""g_min"": 0.17367064952850342, ""g_ratio_min"": 0.32170677185058594, ""nexg_min"": 0.03512028977274895, ""saturation_min"": 0.06512661278247833, ""source"": ""seed_calibrated"", ""strict_seed_count"": 4097.0}",2392,1,adaptive_soft_growth_voxels=247,136,2098,6850,fixed_ground_z,0.47000000000000003,47.0,0.76,76.0,5.0664520263671875,0.15292195975780487,5.08333333333333,0.19,0.5894350409507751,58.943504095077515,0.5895098447799683,58.950984477996826,0.5895187854766846,58.95187854766846,0.5876084566116333,58.76084566116333,0.5876084566116333,0.5876084566116333,58.76084566116333,0.46,46.0,0.12760845661163328,12.760845661163328,0.2608456611633283,0.2608456611633283,
27,4.2.2,5.25,0.19,,13.1,11.7,,plant_envelope,5.171666666666665,5.328333333333335,-0.03,0.41000000000000003,5.140333333333331,5.359666666666669,-0.03,0.41000000000000003,ok,fixed_ground_z,adaptive_soft_growth,topk_median,"{""topk_median"": 0.7896536626313858}",17636,17636,3584,0,0,3584,3834,1793,2030,885,28,"{""g_min"": 0.155197411775589, ""g_ratio_min"": 0.32392147183418274, ""nexg_min"": 0.041764456778764725, ""saturation_min"": 0.07295005023479462, ""source"": ""seed_calibrated"", ""strict_seed_count"": 3834.0}",2030,1,adaptive_soft_growth_voxels=287,132,1879,7410,fixed_ground_z,0.47000000000000003,47.0,0.76,76.0,5.225342750549316,0.22140900790691376,5.25,0.19,0.585395336151123,58.539533615112305,0.5879768133163452,58.79768133163452,0.5891006588935852,58.91006588935852,0.5788944959640503,57.88944959640503,0.5788944959640503,0.5788944959640503,57.88944959640503,0.46,46.0,0.11889449596405027,11.889449596405028,-1.2105504035949721,1.2105504035949721,
28,4.2.3,5.41666666666667,0.19,,15.0,13.5,,plant_envelope,5.338333333333335,5.515833333333335,-0.03,0.41000000000000003,5.298666666666668,5.555500000000001,-0.03,0.41000000000000003,ok,fixed_ground_z,adaptive_soft_growth,topk_median,"{""topk_median"": 0.7896536626313858}",18294,18294,4003,0,0,4003,4105,2016,1775,917,601,"{""g_min"": 0.1635013371706009, ""g_ratio_min"": 0.32443973422050476, ""nexg_min"": 0.04331923648715019, ""saturation_min"": 0.07481444627046585, ""source"": ""seed_calibrated"", ""strict_seed_count"": 4105.0}",1775,1,adaptive_soft_growth_voxels=286,91,1604,7606,fixed_ground_z,0.47000000000000003,47.0,0.76,76.0,5.380964756011963,0.19422583281993866,5.41666666666667,0.19,0.6094077229499817,60.94077229499817,0.6116057634353638,61.16057634353638,0.6133641004562378,61.33641004562378,0.593537449836731,59.353744983673096,0.593537449836731,0.593537449836731,59.353744983673096,0.46,46.0,0.13353744983673094,13.353744983673094,-1.646255016326906,1.646255016326906,
29,4.3.1,5.625,0.19,,14.2,13.4,,plant_envelope,5.525833333333335,5.745,-0.03,0.41000000000000003,5.477833333333335,5.793,-0.03,0.41000000000000003,ok,fixed_ground_z,adaptive_soft_growth,topk_median,"{""topk_median"": 0.7896536626313858}",18488,18488,4531,0,0,4531,4535,2163,2855,397,20,"{""g_min"": 0.1490548700094223, ""g_ratio_min"": 0.32425791025161743, ""nexg_min"": 0.042773667722940445, ""saturation_min"": 0.07333429157733917, ""source"": ""seed_calibrated"", ""strict_seed_count"": 4535.0}",2855,1,adaptive_soft_growth_voxels=242,153,2745,10372,fixed_ground_z,0.47000000000000003,47.0,0.76,76.0,5.573550224304199,0.14124393463134766,5.625,0.19,0.5921304821968079,59.213048219680786,0.5927436351776123,59.27436351776123,0.5930176973342896,59.301769733428955,0.5859984755516052,58.59984755516052,0.5859984755516052,0.5859984755516052,58.59984755516052,0.46,46.0,0.1259984755516052,12.59984755516052,-1.6001524448394786,1.6001524448394786,
30,4.3.2,5.875,0.19,,14.5,12.6,,plant_envelope,5.755,5.974166666666665,-0.03,0.41000000000000003,5.707,6.022166666666665,-0.03,0.41000000000000003,ok,fixed_ground_z,adaptive_soft_growth,topk_median,"{""topk_median"": 0.7896536626313858}",17831,17831,3779,0,0,3779,3653,1763,3335,53,0,"{""g_min"": 0.11945527046918869, ""g_ratio_min"": 0.32681816816329956, ""nexg_min"": 0.05045448616147041, ""saturation_min"": 0.08029747754335403, ""source"": ""seed_calibrated"", ""strict_seed_count"": 3653.0}",3335,1,adaptive_soft_growth_voxels=233,159,3154,8105,fixed_ground_z,0.47000000000000003,47.0,0.76,76.0,5.8114776611328125,0.1549985706806183,5.875,0.19,0.5968759655952454,59.687596559524536,0.5977309942245483,59.773099422454834,0.598233163356781,59.8233163356781,0.5923895835876465,59.23895835876465,0.5923895835876465,0.5923895835876465,59.23895835876465,0.46,46.0,0.13238958358764646,13.238958358764647,-1.2610416412353533,1.2610416412353533,
31,5.1.1,6.08333333333333,0.19,,10.3,9.5,,plant_envelope,5.984166666666665,6.161666666666665,-0.03,0.41000000000000003,5.944499999999999,6.201333333333332,-0.03,0.41000000000000003,ok,fixed_ground_z,adaptive_soft_growth,topk_median,"{""topk_median"": 0.7896536626313858}",13679,13679,1666,0,0,1666,1497,915,1334,134,0,"{""g_min"": 0.09582430869340897, ""g_ratio_min"": 0.3265475630760193, ""nexg_min"": 0.04964270815253258, ""saturation_min"": 0.07852216064929962, ""source"": ""seed_calibrated"", ""strict_seed_count"": 1497.0}",1334,1,adaptive_soft_growth_voxels=181,109,1225,5485,fixed_ground_z,0.47000000000000003,47.0,0.76,76.0,6.092372894287109,0.1966850310564041,6.08333333333333,0.19,0.5805560350418091,58.05560350418091,0.5812840461730957,58.12840461730957,0.581915020942688,58.1915020942688,0.5761810541152954,57.61810541152954,0.5761810541152954,0.5761810541152954,57.61810541152954,0.46,46.0,0.11618105411529539,11.61810541152954,1.3181054115295385,1.3181054115295385,
32,5.1.2,6.25,0.19,,14.1,12.8,,plant_envelope,6.171666666666665,6.328333333333335,-0.03,0.41000000000000003,6.140333333333331,6.359666666666669,-0.03,0.41000000000000003,ok,fixed_ground_z,adaptive_soft_growth,topk_median,"{""topk_median"": 0.7896536626313858}",10429,10429,2826,0,0,2826,2486,1901,2488,107,0,"{""g_min"": 0.10420986264944077, ""g_ratio_min"": 0.3259216248989105, ""nexg_min"": 0.04776477441191673, ""saturation_min"": 0.07903246581554413, ""source"": ""seed_calibrated"", ""strict_seed_count"": 2486.0}",2488,1,adaptive_soft_growth_voxels=233,121,2296,5456,fixed_ground_z,0.47000000000000003,47.0,0.76,76.0,6.2522406578063965,0.1956980675458908,6.25,0.19,0.5990132689476013,59.90132689476013,0.599828839302063,59.9828839302063,0.600606381893158,60.060638189315796,0.5945621728897095,59.45621728897095,0.5945621728897095,0.5945621728897095,59.45621728897095,0.46,46.0,0.13456217288970945,13.456217288970945,-0.6437827110290542,0.6437827110290542,
33,5.1.3,6.41666666666667,0.19,,9.4,8.5,,plant_envelope,6.338333333333335,6.515833333333335,-0.03,0.41000000000000003,6.298666666666668,6.555500000000001,-0.03,0.41000000000000003,ok,fixed_ground_z,adaptive_soft_growth,topk_median,"{""topk_median"": 0.7896536626313858}",12429,12429,2258,0,0,2258,2189,1793,2081,0,0,"{""g_min"": 0.15312407910823822, ""g_ratio_min"": 0.32218194007873535, ""nexg_min"": 0.03654588386416435, ""saturation_min"": 0.06778507679700851, ""source"": ""seed_calibrated"", ""strict_seed_count"": 2189.0}",2081,1,adaptive_soft_growth_voxels=145,116,1985,7849,fixed_ground_z,0.47000000000000003,47.0,0.76,76.0,6.420442581176758,0.21102218329906464,6.41666666666667,0.19,0.5588595867156982,55.885958671569824,0.5589304566383362,55.89304566383362,0.5589727163314819,55.89727163314819,0.5553213357925415,55.53213357925415,0.5553213357925415,0.5553213357925415,55.53213357925415,0.46,46.0,0.09532133579254148,9.532133579254149,0.13213357925414826,0.13213357925414826,
34,5.2.1,6.625,0.19,,11.3,10.8,,plant_envelope,6.525833333333335,6.745,-0.03,0.41000000000000003,6.477833333333335,6.793,-0.03,0.41000000000000003,ok,fixed_ground_z,adaptive_soft_growth,topk_median,"{""topk_median"": 0.7896536626313858}",18674,18674,3815,0,0,3815,3384,2945,3655,0,0,"{""g_min"": 0.1482519507408142, ""g_ratio_min"": 0.3199786841869354, ""nexg_min"": 0.02993609383702278, ""saturation_min"": 0.06113256886601448, ""source"": ""seed_calibrated"", ""strict_seed_count"": 3384.0}",3655,1,adaptive_soft_growth_voxels=213,180,3435,11444,fixed_ground_z,0.47000000000000003,47.0,0.76,76.0,6.6291375160217285,0.17139571905136108,6.625,0.19,0.575859010219574,57.5859010219574,0.5761045217514038,57.61045217514038,0.5763012766838074,57.63012766838074,0.5751155614852905,57.51155614852905,0.5751155614852905,0.5751155614852905,57.51155614852905,0.46,46.0,0.11511556148529051,11.511556148529051,0.21155614852905025,0.21155614852905025,
35,5.2.2,6.875,0.19,,12.7,12.1,,plant_envelope,6.755,6.974166666666665,-0.03,0.41000000000000003,6.707,7.022166666666665,-0.03,0.41000000000000003,ok,fixed_ground_z,adaptive_soft_growth,topk_median,"{""topk_median"": 0.7896536626313858}",18865,18865,2231,0,0,2231,2061,1228,1567,0,0,"{""g_min"": 0.17310263216495514, ""g_ratio_min"": 0.3187157213687897, ""nexg_min"": 0.026147086173295975, ""saturation_min"": 0.05879988148808479, ""source"": ""seed_calibrated"", ""strict_seed_count"": 2061.0}",1567,1,adaptive_soft_growth_voxels=180,117,1416,9682,fixed_ground_z,0.47000000000000003,47.0,0.76,76.0,6.875299453735352,0.21228589117527008,6.875,0.19,0.5927430391311646,59.274303913116455,0.5940545201301575,59.40545201301575,0.5954039096832275,59.540390968322754,0.5897253751754761,58.97253751754761,0.5897253751754761,0.5897253751754761,58.97253751754761,0.46,46.0,0.12972537517547605,12.972537517547606,0.27253751754760636,0.27253751754760636,
36,5.3.1,7.08333333333333,0.19,,11.0,10.0,,plant_envelope,6.984166666666665,7.161666666666665,-0.03,0.41000000000000003,6.944499999999999,7.201333333333332,-0.03,0.41000000000000003,ok,fixed_ground_z,adaptive_soft_growth,topk_median,"{""topk_median"": 0.7896536626313858}",13607,13607,2208,0,0,2208,1800,830,1582,303,0,"{""g_min"": 0.1445668786764145, ""g_ratio_min"": 0.3182568848133087, ""nexg_min"": 0.02477071061730385, ""saturation_min"": 0.05737147107720375, ""source"": ""seed_calibrated"", ""strict_seed_count"": 1800.0}",1582,1,adaptive_soft_growth_voxels=154,109,1462,7247,fixed_ground_z,0.47000000000000003,47.0,0.76,76.0,7.057055473327637,0.20270180702209473,7.08333333333333,0.19,0.5687510371208191,56.87510371208191,0.5689561367034912,56.89561367034912,0.5691161155700684,56.911611557006836,0.5677049160003662,56.77049160003662,0.5677049160003662,0.5677049160003662,56.77049160003662,0.46,46.0,0.10770491600036619,10.77049160003662,-0.22950839996338068,0.22950839996338068,
37,5.3.2,7.25,0.19,,15.7,14.0,,plant_envelope,7.171666666666665,7.328333333333335,-0.03,0.41000000000000003,7.140333333333331,7.359666666666669,-0.03,0.41000000000000003,ok,fixed_ground_z,adaptive_soft_growth,topk_median,"{""topk_median"": 0.7896536626313858}",12760,12760,3904,0,0,3904,3439,2785,3425,169,0,"{""g_min"": 0.14871415495872498, ""g_ratio_min"": 0.32047170400619507, ""nexg_min"": 0.03141508623957634, ""saturation_min"": 0.06498362123966217, ""source"": ""seed_calibrated"", ""strict_seed_count"": 3439.0}",3425,1,adaptive_soft_growth_voxels=245,173,3290,5705,fixed_ground_z,0.47000000000000003,47.0,0.76,76.0,7.2508697509765625,0.19164060056209564,7.25,0.19,0.6117212772369385,61.17212772369385,0.6122194528579712,61.22194528579712,0.6125710010528564,61.257100105285645,0.6105849146842957,61.058491468429565,0.6105849146842957,0.6105849146842957,61.058491468429565,0.46,46.0,0.15058491468429563,15.058491468429564,-0.6415085315704356,0.6415085315704356,
38,5.3.3,7.41666666666667,0.19,,15.2,13.0,,plant_envelope,7.338333333333335,7.516666666666669,-0.03,0.41000000000000003,7.298333333333335,7.556666666666669,-0.03,0.41000000000000003,ok,fixed_ground_z,adaptive_soft_growth,topk_median,"{""topk_median"": 0.7896536626313858}",8656,8656,1158,0,0,1158,1286,928,1130,0,0,"{""g_min"": 0.10793694853782654, ""g_ratio_min"": 0.3253706991672516, ""nexg_min"": 0.04611204192042351, ""saturation_min"": 0.07792221009731293, ""source"": ""seed_calibrated"", ""strict_seed_count"": 1286.0}",1130,1,adaptive_soft_growth_voxels=97,81,1083,3731,fixed_ground_z,0.47000000000000003,47.0,0.76,76.0,7.3954572677612305,0.2029242068529129,7.41666666666667,0.19,0.592771589756012,59.277158975601196,0.5930309891700745,59.303098917007446,0.5932385325431824,59.32385325431824,0.5868695974349976,58.686959743499756,0.5868695974349976,0.5868695974349976,58.686959743499756,0.46,46.0,0.12686959743499754,12.686959743499754,-2.513040256500245,2.513040256500245,
